epoch,step,lr,train_loss,train_ce,train_halt_loss,train_cell_acc,train_puzzle_acc,val_final_cell_acc,val_final_puzzle_acc,val_final_validity,val_halt_puzzle_acc,val_avg_loops,peak_mem_mb,epoch_time_s
0,79,0.0005063291139240507,0.9313660228648516,0.8224820162676558,0.21776801319439199,0.6851327630537977,0.003906250000000001,0.6190873446233419,0.06549999862909317,0.06549999862909317,0.06549999862909317,8.0,127.23046875,8.420709371566772
1,158,0.001,0.40026784301558616,0.19964640304634837,0.4012428799384758,0.9123596964003168,0.2900019778481013,0.9126553766580462,0.6085000038146973,0.6085000038146973,0.5249999761581421,4.9054999351501465,126.35546875,8.722607851028442
2,237,0.0009983776341781683,0.19789294319675305,0.04197636158264516,0.31183316322821614,0.990271459651899,0.884098101265823,0.9855676983398682,0.9279999732971191,0.9279999732971191,0.762499988079071,1.2354999780654907,126.35546875,8.04535460472107
3,316,0.0009935216191162932,0.10698244184302759,0.015854176900149144,0.18225652988575683,0.9972680973101268,0.9654865506329114,0.9937432218236423,0.9704999923706055,0.9704999923706055,0.7785000205039978,1.0540000200271606,126.35546875,8.072960376739502
4,395,0.0009854651263211819,0.09912879390146913,0.015408616913836215,0.1674403539752658,0.9974411590189873,0.9687005537974684,0.9898223074997914,0.9539999961853027,0.9539999961853027,0.7900000214576721,1.0434999465942383,126.35546875,8.692936420440674
5,474,0.0009742631898078014,0.09700773446525954,0.015186618730614457,0.16364223146929013,0.9969559681566454,0.9612341772151897,0.9925752898973889,0.9674999713897705,0.9674999713897705,0.8119999766349792,1.0809999704360962,126.35546875,9.68724012374878
6,553,0.0009599923301611523,0.09293132428598552,0.015152671881303002,0.15555730480936508,0.9970919452136082,0.9650415348101263,0.9879035621923751,0.9490000009536743,0.9490000009536743,0.8195000290870667,1.1115000247955322,126.35546875,9.240163326263428
7,632,0.0009427500318230823,0.08888559380275066,0.015110091904555506,0.14755100379639036,0.9969127027294307,0.9639537183544304,0.9864853591390673,0.9459999799728394,0.9459999799728394,0.8029999732971191,1.1929999589920044,126.35546875,9.020824670791626
8,711,0.0009226540771747011,0.09101522668512375,0.01631510985685112,0.1494002336565452,0.9962853540348103,0.9577234968354426,0.9905731208809544,0.9585000276565552,0.9585000276565552,0.8529999852180481,1.340499997138977,126.35546875,8.872223854064941
9,790,0.000899841741963287,0.08570357422709844,0.015949868950757038,0.13950741055268276,0.9963317098496839,0.957130142405063,0.9879869859013932,0.9449999928474426,0.9449999928474426,0.8169999718666077,1.1990000009536743,126.35546875,10.044641256332397
10,869,0.0008744688575697375,0.07920110658329872,0.014913586062626749,0.12857504104134404,0.9969930528085446,0.9647943037974684,0.9906565445899724,0.9639999866485596,0.9639999866485596,0.8640000224113464,1.3224999904632568,126.35546875,8.949161291122437
11,948,0.0008467087465222271,0.08457248386797275,0.01621249329911757,0.1367199811377103,0.9962111847310131,0.9573279272151896,0.9912405105530991,0.9664999842643738,0.9664999842643738,0.8454999923706055,1.343500018119812,126.35546875,9.245811223983765
12,1027,0.0008167510385275922,0.07635744664629421,0.014953214710554745,0.12280846387147902,0.9967210986946203,0.9628164556962022,0.9877367147743389,0.9524999856948853,0.9524999856948853,0.8429999947547913,1.337499976158142,126.35546875,9.213783264160156
13,1106,0.0007848003751081529,0.07162162099222219,0.014039686574494534,0.11516386883545525,0.9968045391613928,0.9655854430379746,0.9898223074997914,0.9614999890327454,0.9614999890327454,0.8669999837875366,1.3114999532699585,126.35546875,9.522184371948242
14,1185,0.00075107501169261,0.06929026235225082,0.013697903249648554,0.11118471820520452,0.9971352106408233,0.9698378164556962,0.9892383415366647,0.9564999938011169,0.9564999938011169,0.843999981880188,1.2330000400543213,126.35546875,8.470178604125977
15,1264,0.0007158053267101607,0.07066830103226666,0.01435632753197716,0.11262394700057897,0.9966932852056964,0.963854825949367,0.9912405105530991,0.9649999737739563,0.9649999737739563,0.859499990940094,1.2640000581741333,126.35546875,8.236910820007324
16,1343,0.0006792322478722247,0.06657907619624387,0.01366632217777115,0.10582550803694549,0.9971104875395577,0.9699367088607594,0.991907900225244,0.9664999842643738,0.9664999842643738,0.887499988079071,1.3385000228881836,126.35546875,8.584499597549438
17,1422,0.0006416056063918797,0.0664827663899411,0.013344662205044986,0.1062762083697923,0.9969745104825953,0.9665249208860762,0.9929924084424794,0.9695000052452087,0.9695000052452087,0.9100000262260437,1.5770000219345093,126.35546875,8.130965948104858
18,1501,0.0006031824303833486,0.06423789874615171,0.01316359194726506,0.1021486135977733,0.997308272349684,0.9716673259493669,0.9881538333194294,0.9555000066757202,0.9555000066757202,0.8629999756813049,1.4515000581741333,126.35546875,8.314701557159424
19,1580,0.0005642251890993579,0.060960952935245234,0.012667414213566083,0.09658707744335827,0.9972341030458863,0.9717167721518986,0.9922415950613164,0.9704999923706055,0.9704999923706055,0.8794999718666077,1.3609999418258667,126.35546875,8.939551591873169
20,1659,0.0005250000000000001,0.06094752392979174,0.012718932060642707,0.09645718373829806,0.9971444818037978,0.9701839398734174,0.9914907816801535,0.968999981880188,0.968999981880188,0.8845000267028809,1.4609999656677246,126.35546875,9.758015632629395
21,1738,0.00048577481090064217,0.05753522432303131,0.01196714962207818,0.09113614940190616,0.9974102551424051,0.9732990506329111,0.9925752898973889,0.972000002861023,0.972000002861023,0.8784999847412109,1.2480000257492065,126.35546875,9.495401382446289
22,1817,0.0004468175696166513,0.0568200017773558,0.011839078969168887,0.08996184561637387,0.9973917128164562,0.9732990506329113,0.9915742053891716,0.9695000052452087,0.9695000052452087,0.887499988079071,1.284999966621399,126.35546875,8.098793268203735
23,1896,0.0004083943936081204,0.05461500130617355,0.011445311693875469,0.0863393792245962,0.9975431418117093,0.9762163765822784,0.9934929506965879,0.9775000214576721,0.9775000214576721,0.9024999737739563,1.3480000495910645,126.35546875,8.596673488616943
24,1975,0.00037076775212777535,0.0558175041069147,0.011820839871239813,0.08799332847134976,0.9973577185522153,0.9728540348101268,0.9944106114957871,0.9779999852180481,0.9779999852180481,0.8945000171661377,1.2869999408721924,126.35546875,8.404742002487183
25,2054,0.0003341946732898396,0.052509671047659995,0.011159308720380066,0.08270072465455981,0.9975740456882912,0.9753263449367087,0.994243764077751,0.9779999852180481,0.9779999852180481,0.8845000267028809,1.2795000076293945,126.35546875,8.734822750091553
26,2133,0.0002989249883073901,0.05089146774144303,0.010759639382786769,0.08026365671731248,0.9975307802610761,0.9743374208860759,0.992742137315425,0.9750000238418579,0.9750000238418579,0.8820000290870667,1.1755000352859497,126.35546875,9.262259721755981
27,2212,0.0002651996248918473,0.04892528344452665,0.010370758111600447,0.07710905066585239,0.9977625593354432,0.9776997626582279,0.9954951197130224,0.9829999804496765,0.9829999804496765,0.9225000143051147,1.2654999494552612,126.35546875,9.550805807113647
28,2291,0.00023324896147240777,0.04419926909694473,0.009351255180597115,0.06969602783269523,0.9981055923655063,0.9809137658227847,0.9952448485859682,0.9794999957084656,0.9794999957084656,0.9194999933242798,1.2285000085830688,126.35546875,8.197091102600098
29,2370,0.00020329125347777312,0.04349367255993378,0.009300487012826378,0.06838637109421478,0.9980128807357594,0.9804193037974686,0.9950780011679319,0.9804999828338623,0.9804999828338623,0.9290000200271606,1.2389999628067017,126.35546875,8.27661919593811
30,2449,0.00017553114243026247,0.04274957784439758,0.009052687424789119,0.06739378083921686,0.9980314230617088,0.980518196202532,0.9959956619671311,0.9854999780654907,0.9854999780654907,0.9204999804496765,1.1805000305175781,126.35546875,8.468940019607544
31,2528,0.00015015825803671313,0.03910303271458118,0.008480055917856059,0.061245953593450274,0.9982353886471516,0.9823477056962024,0.9969967464753483,0.9884999990463257,0.9884999990463257,0.9399999976158142,1.215000033378601,126.35546875,8.231300354003906
32,2607,0.00012734592282529893,0.03991718056222684,0.008523353493383415,0.06278765413768682,0.9981704905063287,0.9831388449367092,0.9962459330941854,0.9854999780654907,0.9854999780654907,0.9200000166893005,1.2335000038146973,126.35546875,7.938633680343628
33,2686,0.00010724996817691775,0.037188539564420905,0.007924176894034012,0.0585287253407738,0.9983497329905059,0.9838805379746837,0.9962459330941854,0.9850000143051147,0.9850000143051147,0.9309999942779541,1.1894999742507935,126.35546875,8.036547422409058
34,2765,9.000766983884769e-05,0.03604564304416411,0.007775441050835989,0.05654040398665624,0.9983342810522147,0.9840288765822791,0.996746475348294,0.9879999756813049,0.9879999756813049,0.9240000247955322,1.184499979019165,126.35546875,7.825327634811401
35,2844,7.573681019219855e-05,0.03561396274975019,0.007626156953363853,0.05597561159277264,0.9984424446202528,0.9844738924050631,0.9962459330941854,0.9865000247955322,0.9865000247955322,0.9434999823570251,1.2020000219345093,126.35546875,8.703620195388794
36,2923,6.453487367881808e-05,0.03364526699120297,0.007407496901394069,0.05247554017961777,0.9984609869462021,0.9855122626582282,0.9973304413114207,0.9904999732971191,0.9904999732971191,0.9390000104904175,1.1920000314712524,126.35546875,8.042556047439575
37,3002,5.64783808837069e-05,0.03309069932851045,0.0072743581619726695,0.05163268233307553,0.9985166139240502,0.9859572784810128,0.9977475598565112,0.9915000200271606,0.9915000200271606,0.949999988079071,1.2295000553131104,126.35546875,8.303961992263794
38,3081,5.1622365821831826e-05,0.03343813174663558,0.0071506140122921035,0.05257503546868696,0.9985784216772149,0.9863034018987346,0.9974138650204388,0.9904999732971191,0.9904999732971191,0.9440000057220459,1.2089999914169312,126.35546875,8.360593318939209
39,3160,5e-05,0.031858788181355666,0.0067657080355182884,0.05018616029167476,0.9987391218354422,0.9882318037974691,0.9966630516392759,0.987500011920929,0.987500011920929,0.9480000138282776,1.1964999437332153,126.35546875,8.335968494415283
