difficulty,value,n_puzzles,halt_loops_mean,halt_loops_std,oracle_loops_mean,oracle_loops_std,puzzle_acc_at_halt_mean
n_empty,4,394,1.00254,0.00439609,1.0203,0.00439609,0.982234
n_empty,5,397,1.01931,0.0163889,1.06129,0.00384767,0.956339
n_empty,6,404,1.07178,0.0373755,1.15182,0.00515267,0.90429
n_empty,7,420,1.1873,0.0488144,1.2881,0.00238097,0.85
n_empty,8,385,1.44589,0.0584464,1.49261,0.00718943,0.842424
backtracks,0,1673,1.09843,0.0274587,1.15265,0.00620717,0.919705
backtracks,1,225,1.31259,0.0708792,1.36786,0.0529906,0.865185
backtracks,2,57,1.34503,0.0709026,1.43275,0.0365205,0.836257
backtracks,3+,45,1.74074,0.0641501,1.9242,0.0656928,0.718519
